id,keyword,platform,content,timestamp,added_at
1,bag,Google,"Alice Bag (@alice_bag) • Instagram photos and videos - 39K Followers, 1566 Following, 1318 Posts - Alice Bag (@alice_bag) on Instagram: "Musician, Author, Punk feminist"","2024-11-09 15:12:18","2024-11-09 15:12:18"
2,bag,Google,"OZIAS | As a young bag designer, I immediately knew the ... - Aug 29, 2024 ... 3902 likes, 125 comments - oziasparis on August 29, 2024: "As a young bag designer, I immediately knew the Beetlejuice Press Tour would be ...","2024-11-09 15:12:18","2024-11-09 15:12:18"
3,bag,Google,"Mel Kobayashi (@bagandaberet) • Instagram photos and videos - ... bag and Vint & York glasses My self-tape audition backdrop. #crimplene #vintagecrimplene seriousaboutvintagecrimplene BETTER THAN SEERSUCKER?","2024-11-09 15:12:18","2024-11-09 15:12:18"
4,bag,Google,"Aynsley | Pizza Rat Crochet Bag I couldn't make a pizza bag without ... - Nov 23, 2023 ... 74K likes, 560 comments - knottedneon on November 23, 2023: "Pizza Rat Crochet Bag I couldn't make a pizza bag without giving the ...","2024-11-09 15:12:18","2024-11-09 15:12:18"
5,bag,Google,"Danielle Renov | ZEPPOLIS IN A BAG! The easy way to get your ... - Nov 18, 2020 ... 2536 likes, 90 comments - peaslovencarrots on November 18, 2020: "ZEPPOLIS IN A BAG! The easy way to get your doughnut fix this month!","2024-11-09 15:12:18","2024-11-09 15:12:18"
6,bag,Google,"Utica | BYOSB-bring your own sleeping bag! My final look for the ... - Jan 31, 2021 ... 205K likes, 4440 comments - queenutica on January 31, 2021: "BYOSB-bring your own sleeping bag! My final look for the RuPaul's Drag Race ...","2024-11-09 15:12:18","2024-11-09 15:12:18"
7,bag,Google,"@kardashian_kolloquium | Kylie wearing a little bag thing over her ... - Jun 24, 2024 ... 1825 likes, 95 comments - kardashian_kolloquium on June 24, 2024: "Kylie wearing a little bag thing over her head just days after a quote ...","2024-11-09 15:12:18","2024-11-09 15:12:18"
8,bag,Google,"Atelier Paula Votteler | I made a bag out of abalone shells For as ... - May 12, 2024 ... 456K likes, 3352 comments - paulasprojects_ on May 12, 2024: "I made a bag out of abalone shells For as long as I can remember, ...","2024-11-09 15:12:18","2024-11-09 15:12:18"
9,bag,Google,"Sara Barnes / Brown Paper Bag (@brwnpaperbag) • Instagram ... - 257K Followers, 1878 Following, 3013 Posts - Sara Barnes / Brown Paper Bag (@brwnpaperbag) on Instagram: "☀︎ I share great #illustrations NOT by me ...","2024-11-09 15:12:18","2024-11-09 15:12:18"
10,bag,Google,"Heather Hurst | @dontletdisco x pigmami bag charms launching 12 ... - Nov 28, 2023 ... 3306 likes, 110 comments - pigmamiii on November 28, 2023: "@dontletdisco x pigmami bag charms launching 12/1 My bag charm is one of ...","2024-11-09 15:12:18","2024-11-09 15:12:18"
